trial,testing,parameters,initial_deadline,final_deadline,net_reward,actions,success
1,False,"{'a': 0.5, 'e': 0.95}",30,0,-121.9269194378987,"{0: 18, 1: 1, 2: 10, 3: 0, 4: 1}",0
2,False,"{'a': 0.5, 'e': 0.8999999999999999}",30,0,-119.15195279172207,"{0: 21, 1: 2, 2: 5, 3: 0, 4: 2}",0
3,False,"{'a': 0.5, 'e': 0.8499999999999999}",25,0,-193.18715123490873,"{0: 15, 1: 3, 2: 2, 3: 1, 4: 4}",0
4,False,"{'a': 0.5, 'e': 0.7999999999999998}",30,11,-144.57579476827084,"{0: 12, 1: 2, 2: 1, 3: 1, 4: 3}",1
5,False,"{'a': 0.5, 'e': 0.7499999999999998}",20,0,-134.9789638036298,"{0: 9, 1: 4, 2: 4, 3: 2, 4: 1}",0
